Charles Smith,notwitter,/players/s/smithch01.htmlCharles Smith(2),notwitter,/players/s/smithch04.htmlChris Johnson,notwitter,/players/j/johnsch03.htmlChris Johnson(2),notwitter,/players/j/johnsch04.htmlChris Wright,notwitter,/players/w/wrighch01.htmlChris Wright(2),notwitter,/players/w/wrighch02.htmlDavid Vaughn,notwitter,/players/v/vaughda02.htmlDee Brown,notwitter,/players/b/brownde01.htmlDee Brown(2),@deebrown11,/players/b/brownde03.htmlDerrick Jones Jr.,@TheRea1DJones,/players/j/jonesde02.htmlGlen Rice,@glenrice41,/players/r/ricegl01.htmlGlen Rice(2),notwitter,/players/r/ricegl02.htmlGlenn Robinson III,@GRIII,/players/r/robingl02.htmlJames Ennis III,notwitter,/players/e/ennisja01.htmlJohn Lucas III,@Luke1luk,/players/l/lucasjo02.htmlJohnny O'Bryant III,notwitter,/players/o/obryajo01.htmlKelly Oubre Jr.,@KELLYOUBREJR,/players/o/oubreke01.htmlLarry Drew II,notwitter,/players/d/drewla02.htmlLarry Nance Jr.,@Larrydn22,/players/n/nancela02.htmlMarcus Thornton,@OfficialMT23,/players/t/thornma01.htmlMarcus Thornton(2),@M3Thornton,/players/t/thornma02.htmlMarcus Williams,notwitter,/players/w/willima03.htmlMarcus Williams(2),notwitter,/players/w/willima04.htmlMike Dunleavy,notwitter,/players/d/dunlemi02.htmlPatrick Ewing(2),@pewingjr6,/players/e/ewingpa02.htmlPerry Jones III,@Perry_Jones1,/players/j/jonespe01.htmlReggie Williams,notwitter,/players/w/willire01.htmlReggie Williams(2),@reggiew55,/players/w/willire02.htmlRoger Mason Jr.,@MoneyMase,/players/m/masonro01.htmlSteven Smith,@steve21smith,/players/s/smithst01.htmlSteven Smith(2),notwitter,/players/s/smithst03.htmlTim Hardaway,@TimHardawayFDN,/players/h/hardati01.htmlTim Hardaway Jr.,@T_HardJR,/players/h/hardati02.htmlTony Mitchell,@TonyMitchUNENO,/players/m/mitchto02.htmlTony Mitchell(2),@tmitch_5,/players/m/mitchto03.htmlWalker Russell,notwitter,/players/r/russewa02.htmlWesley Matthews,@WessyWes23,/players/m/matthwe02.htmlAndre Drummond,@AndreDrummond,Andre Roberson,@FlyDre21,Beno Udrih,@BenoUdrih1,Brent Barry,@Barryathree,Chauncey Billups,@1MrBigShot,Corey Brewer,@TheCoreyBrewer,Corey Maggette,@Corey_Maggette,Damian Jones,@dameology,Dario Saric,@dariosaric,Davis Bertans,@DBertans_42,Dejounte Murray,@DejounteMurray,Dewayne Dedmon,@d_dedmon3Deyonta Davis,@deyontadavis23Dikembe Mutombo,@officialmutomboDorian Finney-Smith,@doefinney_10Doug McDermott,@dougmcdermottEd Davis,@eddavisXVIIGiannis Antetokoumpo,@Giannis_An34Hedo Turkoglu,@hidoturkoglu15Iman Shumpert,@imanshumpertIsh Smith,@ishsmithJaahil Okafor,@JahlilOkaforJake Layman,@JLayman10James Johnson,@IamJJ3James Michael McAdoo,@jamesmcadooJaMychal Green,@Jmyke1Joe Johnson,@TheJoeJohnson7Joffrey Lauvergne,@1JOLOLOJonathan Simmons,@ThaRealJsimmsJustin Holliday,@JustHolla7Kent Bazemore,@24BazemoreLeandro Barbosa,@TheBlurBarbosaMalachi Richardson,@KingMali23Mark Jackson,@MarkJackson13Marshall Plumlee,@marshallplumleeMatt Bonner,@MattBonner_SASMichael Finley,@MichaelFinleyMindaugas Kuzminskas,@MKuzminskasMontrezl Harrell,@MONSTATREZZPascal Siakam,@pskills43Patrick McCaw,@PMcCaw0Robin Lopez,@rolopez42Ron Baker,@RonBaker31Rondae Hollis-Jefferson,@RondaeHJ24Rudy Gay,@RudyGay8Rudy Gobert,@rudygobert27Salah Mejri,@50MejriSean Kilpatrick,@SeanKilpatrickSerge Ibaka,@sergeibaka_7Shabazz Muhammad,@ShabazzMuhammadShaun Livingston,@ShaunLivingstonSkal Labissiere,@OneBigHaitianSteve Kerr,@SteveKerrTim Frazier,@Timfraz23Timothe Luwawu-Cabarrot,@timcabsTony Parker,@tonyparkerTyler Johnson,@RealTJohnsonWesley Matthews,@WessyWes23